dataset;categorie;subcategorie;question;question_type;right_answer;first_try_answer;first_try_correct;first_try_max_prob;first_try_entropy;first_try_margin;first_try_verbal;second_try_answer;second_try_correct;second_try_max_prob;second_try_entropy;second_try_margin;second_try_verbal
strategyqa_dev;dummy_categorie;dummy_subcategorie;Will the Albany in Georgia reach a hundred thousand occupants before the one in New York?;multi_str;['False'];['no'];False;90.55;89.63;0.81;95.0;['no'];False;100.0;99.98;1.0;95.0
strategyqa_dev;dummy_categorie;dummy_subcategorie;Is the language used in Saint Vincent and the Grenadines rooted in English?;multi_str;['True'];['yes'];False;99.64;98.72;0.99;95.0;['yes'];False;100.0;99.99;1.0;95.0
strategyqa_dev;dummy_categorie;dummy_subcategorie;Is greed the most prevalent of the Seven Deadly Sins?;multi_str;['False'];['no'];False;95.51;90.06;0.91;95.0;['no'];False;99.97;99.86;1.0;95.0
strategyqa_dev;dummy_categorie;dummy_subcategorie;Would the top of Mount Fuji stick out of the Sea of Japan? ;multi_str;['True'];['no'];False;92.32;86.73;0.85;95.0;['yes'];False;99.31;98.03;0.99;95.0
strategyqa_dev;dummy_categorie;dummy_subcategorie;Was Lil Jon's top ranked Billboard song a collaboration with a member of The Lox?;multi_str;['False'];['no'];False;99.37;97.88;0.99;95.0;['no'];False;99.91;99.62;1.0;95.0
strategyqa_dev;dummy_categorie;dummy_subcategorie;Is Miami a city on the American West Coast?;multi_str;['False'];['no'];False;99.44;98.18;0.99;100.0;['no'];False;100.0;100.0;1.0;100.0
strategyqa_dev;dummy_categorie;dummy_subcategorie;Can the Swiss Guard fill the Virginia General Assembly chairs?;multi_str;['False'];['no'];False;90.32;89.4;0.81;95.0;['no'];False;100.0;99.99;1.0;95.0
strategyqa_dev;dummy_categorie;dummy_subcategorie;Did any country in Portuguese Colonial War share Switzerlands role in WWII?;multi_str;['True'];['no'];False;99.51;98.04;0.99;95.0;['no'];False;100.0;99.99;1.0;95.0
strategyqa_dev;dummy_categorie;dummy_subcategorie;Would a Pict be confused by Old English?;multi_str;['True'];['no'];False;99.44;98.35;0.99;95.0;['no'];False;100.0;100.0;1.0;95.0
strategyqa_dev;dummy_categorie;dummy_subcategorie;Could Lil Wayne legally operate a vehicle on his own at the beginning of his career?;multi_str;['False'];['no'];False;97.86;95.39;0.96;95.0;['no'];False;100.0;99.99;1.0;95.0
strategyqa_dev;dummy_categorie;dummy_subcategorie;Are you likely to find a crucifix in Karachi?;multi_str;['False'];['yes'];False;90.77;84.89;0.83;85.0;['yes'];False;99.77;99.23;1.0;85.0
strategyqa_dev;dummy_categorie;dummy_subcategorie;Was a person sold a Creative Commons License for Boticelli's The Birth of Venus ripped off?;multi_str;['True'];['no'];False;98.89;96.84;0.98;95.0;['no'];False;100.0;99.99;1.0;95.0
strategyqa_dev;dummy_categorie;dummy_subcategorie;Could ten gallons of seawater crush a six year old?;multi_str;['True'];['no'];False;99.13;97.59;0.98;95.0;['no'];False;99.99;99.94;1.0;95.0
strategyqa_dev;dummy_categorie;dummy_subcategorie;Do more anchovy live in colder temperature waters than warmer?;multi_str;['False'];['no'];False;99.25;97.66;0.99;95.0;['no'];False;100.0;99.99;1.0;95.0
strategyqa_dev;dummy_categorie;dummy_subcategorie;Is 3D printing able to make adenovirus?;multi_str;['False'];['no'];False;97.7;95.04;0.95;95.0;['no'];False;100.0;99.99;1.0;95.0
strategyqa_dev;dummy_categorie;dummy_subcategorie;Would George Fox support stoning?;multi_str;['False'];['no'];False;99.52;98.32;0.99;95.0;['no'];False;100.0;99.99;1.0;95.0
strategyqa_dev;dummy_categorie;dummy_subcategorie;Is watching  Star Wars necessary to know who Darth Vader is?;multi_str;['False'];['no'];False;96.92;96.17;0.94;95.0;['no'];False;99.64;99.04;0.99;95.0
strategyqa_dev;dummy_categorie;dummy_subcategorie;Can a computer be programmed entirely in Boolean algebra?;multi_str;['True'];['no'];False;95.78;92.92;0.92;95.0;['no'];False;99.99;99.94;1.0;95.0
strategyqa_dev;dummy_categorie;dummy_subcategorie;Did Christina Aguilera turn her chair around for Kelly Clarkson on The Voice?;multi_str;['False'];['no'];False;78.84;78.58;0.58;95.0;['no'];False;96.74;93.89;0.93;95.0
strategyqa_dev;dummy_categorie;dummy_subcategorie;Would Amy Winehouse's death have been prevented with Narcan?;multi_str;['False'];['no'];False;98.29;96.03;0.97;60.0;['no'];False;100.0;99.99;1.0;60.0
strategyqa_dev;dummy_categorie;dummy_subcategorie;Does a mongoose have natural camouflage for desert?;multi_str;['True'];['no'];False;97.62;94.74;0.95;90.0;['no'];False;100.0;99.98;1.0;90.0
strategyqa_dev;dummy_categorie;dummy_subcategorie;If someone loves buffalo wings do they enjoy capsaicin?;multi_str;['True'];['possibly', 'yes'];False;98.77;96.35;0.98;70.0;['possibly', 'yes'];False;100.0;99.99;1.0;70.0
strategyqa_dev;dummy_categorie;dummy_subcategorie;Was Bruce Lee absent from the 1964 University of Washington graduation ceremony?;multi_str;['True'];['yes'];False;98.92;96.58;0.98;95.0;['yes'];False;99.09;97.57;0.98;95.0
strategyqa_dev;dummy_categorie;dummy_subcategorie;Could Brooke Shields succeed at University of Pennsylvania?;multi_str;['True'];['yes'];False;88.06;81.43;0.8;95.0;['yes'];False;100.0;100.0;1.0;95.0
strategyqa_dev;dummy_categorie;dummy_subcategorie;Would students at Marist have to petition to get a rowing team?;multi_str;['False'];['no'];False;92.94;90.1;0.88;95.0;['no'];False;100.0;100.0;1.0;95.0
strategyqa_dev;dummy_categorie;dummy_subcategorie;Could a hundred thousand lolcats fit on a first generation iPhone?;multi_str;['True'];['no'];False;97.25;94.21;0.95;95.0;['no'];False;99.98;99.9;1.0;95.0
strategyqa_dev;dummy_categorie;dummy_subcategorie;Does Rusev have to worry about human overpopulation in his homeland?;multi_str;['False'];['no'];False;98.24;96.74;0.97;95.0;['no'];False;100.0;100.0;1.0;95.0
strategyqa_dev;dummy_categorie;dummy_subcategorie;Does Princess Peach's dress resemble a peach fruit?;multi_str;['False'];['yes', 'no'];False;99.66;98.83;0.99;70.0;['yes', 'no'];False;99.96;99.83;1.0;70.0
strategyqa_dev;dummy_categorie;dummy_subcategorie;Are psychiatric patients welcome to join the United States Air Force?;multi_str;['False'];['yes'];False;81.64;73.46;0.71;95.0;['yes'];False;99.45;99.21;0.99;95.0
strategyqa_dev;dummy_categorie;dummy_subcategorie;Can I hold Bing in a basket?;multi_str;['False'];['no'];False;89.91;85.27;0.81;95.0;['no'];False;99.85;99.46;1.0;95.0
strategyqa_dev;dummy_categorie;dummy_subcategorie;Does the central processing unit usually have a dedicated fan?;multi_str;['True'];['no'];False;93.82;92.54;0.88;90.0;['yes', 'sometimes'];False;99.92;99.68;1.0;75.0
strategyqa_dev;dummy_categorie;dummy_subcategorie;Can Cyril Ramaphosa become Secretary General of NATO?;multi_str;['False'];['no'];False;99.98;99.9;1.0;100.0;['no'];False;100.0;100.0;1.0;100.0
strategyqa_dev;dummy_categorie;dummy_subcategorie;Is Brooklyn known for its bread products?;multi_str;['True'];['yes'];False;98.7;96.53;0.97;95.0;['yes'];False;100.0;99.99;1.0;95.0
strategyqa_dev;dummy_categorie;dummy_subcategorie;Did the Royal Air Force fight in the Boxer Rebellion?;multi_str;['False'];['no'];False;99.87;99.45;1.0;100.0;['no'];False;100.0;99.99;1.0;100.0
strategyqa_dev;dummy_categorie;dummy_subcategorie;Did François Mitterrand serve under Napoleon Bonapart in the French army?;multi_str;['False'];['no'];False;99.81;99.27;1.0;100.0;['no'];False;100.0;100.0;1.0;100.0
strategyqa_dev;dummy_categorie;dummy_subcategorie;Can amoebas get cancer?;multi_str;['False'];['no'];False;95.33;92.91;0.91;95.0;['no'];False;100.0;99.99;1.0;95.0
strategyqa_dev;dummy_categorie;dummy_subcategorie;Is Cholera alive?;multi_str;['True'];['cholera is not alive'];False;94.48;89.93;0.9;95.0;['cholera is not alive'];False;99.98;99.89;1.0;95.0
strategyqa_dev;dummy_categorie;dummy_subcategorie;Would someone typically confuse a sweet potato with a pineapple?;multi_str;['False'];['no'];False;93.74;90.77;0.88;95.0;['no'];False;99.81;99.47;1.0;95.0
strategyqa_dev;dummy_categorie;dummy_subcategorie;Would it be common to find a penguin in Miami?;multi_str;['False'];['no'];False;89.73;86.56;0.79;95.0;['no'];False;100.0;99.99;1.0;95.0
strategyqa_dev;dummy_categorie;dummy_subcategorie;Are tumors in the lymph nodes ignorable?;multi_str;['False'];['no', 'tumors in the lymph nodes are not ignorable'];False;98.68;97.22;0.98;95.0;['no', 'tumors in the lymph nodes are not ignorable'];False;100.0;100.0;1.0;95.0
strategyqa_dev;dummy_categorie;dummy_subcategorie;Did Spiderman fight against Falcon in the MCU?;multi_str;['True'];['no'];False;99.72;98.99;0.99;95.0;['no'];False;100.0;99.99;1.0;95.0
strategyqa_dev;dummy_categorie;dummy_subcategorie;Is Shiva's divine dance an ancient physical fitness pose?;multi_str;['False'];['no'];False;93.16;90.5;0.86;95.0;['no'];False;100.0;99.99;1.0;95.0
strategyqa_dev;dummy_categorie;dummy_subcategorie;Do hyenas appear in a Broadway musical?;multi_str;['True'];['yes'];False;95.08;91.39;0.91;90.0;['yes'];False;99.88;99.63;1.0;90.0
strategyqa_dev;dummy_categorie;dummy_subcategorie;Would an owl monkey enjoy a strawberry?;multi_str;['True'];['yes'];False;96.88;92.14;0.95;75.0;['yes'];False;100.0;99.99;1.0;75.0
strategyqa_dev;dummy_categorie;dummy_subcategorie;Can a snake swallow an M60 Patton?;multi_str;['False'];['no'];False;96.83;94.01;0.94;95.0;['no'];False;100.0;99.99;1.0;95.0
strategyqa_dev;dummy_categorie;dummy_subcategorie;Would Avengers Comics be out of place in a DC Comics store?;multi_str;['True'];['no'];False;97.16;95.0;0.95;95.0;['no'];False;100.0;100.0;1.0;95.0
strategyqa_dev;dummy_categorie;dummy_subcategorie;Can the Persian Gulf fit in New Jersey?;multi_str;['False'];['no'];False;95.72;93.41;0.92;95.0;['no'];False;99.77;99.36;1.0;95.0
strategyqa_dev;dummy_categorie;dummy_subcategorie;Is Nicole Kidman ideal choice to play Psylocke based on height and weight?;multi_str;['True'];['no'];False;93.47;86.92;0.88;75.0;['no'];False;100.0;99.98;1.0;75.0
strategyqa_dev;dummy_categorie;dummy_subcategorie;Could Bernie Sanders visit the Metropolitan Museum of Art twenty times for under two hundred dollars?;multi_str;['False'];['no'];False;99.85;99.37;1.0;95.0;['no'];False;100.0;99.99;1.0;95.0
strategyqa_dev;dummy_categorie;dummy_subcategorie;Can Planned Parenthood tell your University that you have Herpes simplex virus?;multi_str;['False'];['no'];False;94.69;91.91;0.89;95.0;['no'];False;100.0;99.99;1.0;95.0
strategyqa_dev;dummy_categorie;dummy_subcategorie;Would Achilles dominate Legolas in a hypothetical fight?;multi_str;['False'];['yes', 'achilles would dominate legolas'];False;95.24;92.16;0.91;85.0;['yes', 'achilles would dominate legolas'];False;100.0;100.0;1.0;85.0
strategyqa_dev;dummy_categorie;dummy_subcategorie;Is Bucharest located south of Egypt?;multi_str;['False'];['no'];False;96.99;93.78;0.94;95.0;['no'];False;100.0;99.97;1.0;95.0
strategyqa_dev;dummy_categorie;dummy_subcategorie;Will a rock float in the atmosphere of Earth?;multi_str;['False'];['no'];False;96.96;94.05;0.94;100.0;['no'];False;100.0;99.99;1.0;100.0
strategyqa_dev;dummy_categorie;dummy_subcategorie;Have rhinoceroses been killed to improve human sex lives?;multi_str;['True'];['no'];False;93.98;90.41;0.89;95.0;['no'];False;100.0;100.0;1.0;95.0
strategyqa_dev;dummy_categorie;dummy_subcategorie;Does ABBA have similar gender configuration to The Mamas & The Papas?;multi_str;['True'];['no'];False;97.81;95.94;0.96;95.0;['no'];False;100.0;100.0;1.0;95.0
strategyqa_dev;dummy_categorie;dummy_subcategorie;Would the author of Little Women have remembered the ratification of the 13th Amendment?;multi_str;['True'];['yes', 'the author would have remembered the ratification of the 13th amendment'];False;98.71;96.68;0.98;95.0;['yes', 'the author would have remembered the ratification of the 13th amendment'];False;100.0;100.0;1.0;95.0
